{
  "xgb_mape": 0.976164,
  "xgb_rmse": 59.5583,
  "xgb_mae": 50.9095,
  "naive_mape": 1.247204,
  "improvement_pct": 21.73,
  "mape_target_met": false,
  "gate_passed": true,
  "mape_by_hour": {
    "0": 0.8286,
    "1": 0.7301,
    "2": 0.8867,
    "3": 1.1689,
    "4": 0.4327,
    "5": 0.9428,
    "6": 0.8082,
    "7": 0.7717,
    "8": 0.8073,
    "9": 2.9006,
    "10": 1.1339,
    "11": 0.6143,
    "12": 1.307,
    "13": 1.391,
    "14": 0.9537,
    "15": 0.4866,
    "16": 0.698,
    "17": 1.1432,
    "18": 0.6739,
    "19": 2.0396,
    "20": 0.7289,
    "21": 0.8605,
    "22": 0.6151,
    "23": 0.5045
  },
  "mape_by_weather": {
    "1": 0.9978,
    "2": 0.969,
    "3": 0.8887,
    "4": 1.0383
  }
}